member_casual,total_ride,avg_ride_length
casual,1588957,15.3427676561837
member,2466924,11.5976447659785
